{
  "project_info": {
    "project_number": "65517359595",
    "project_id": "your-personal-distributor",
    "storage_bucket": "your-personal-distributor.appspot.com"
  },
  "client": [
    {
      "client_info": {
        "mobilesdk_app_id": "1:65517359595:android:097c35540cfed63c0809ae",
        "android_client_info": {
          "package_name": "com.personaldistributor.yourpersonaldistributor"
        }
      },
      "oauth_client": [
        {
          "client_id": "65517359595-g3dbo1qi3u5pu47qdce0vgrfqur6p8ml.apps.googleusercontent.com",
          "client_type": 3
        }
      ],
      "api_key": [
        {
          "current_key": "AIzaSyAhZYvKjfuGe6aHwyXC7zutnXNZHye_Qj0"
        }
      ],
      "services": {
        "appinvite_service": {
          "other_platform_oauth_client": [
            {
              "client_id": "65517359595-g3dbo1qi3u5pu47qdce0vgrfqur6p8ml.apps.googleusercontent.com",
              "client_type": 3
            }
          ]
        }
      }
    }
  ],
  "configuration_version": "1"
}